key,key:user-account,company,statement,moreInfo
inventor-01,user-account-inventor-01,9,"Lorem ipsum dolor sit amet,consectetur adipiscing elit. Ut ultrices dui sit amet turpis aliquet,at finibus sem gravida.",http://example.com/
inventor-02,user-account-inventor-02,10,"Lorem ipsum dolor sit amet,consectetur adipiscing elit. Ut ultrices dui sit amet turpis aliquet,at finibus sem gravida.",http://example.com/
inventor-03,user-account-inventor-03,A,"Lorem ipsum dolor sit amet,consectetur adipiscing elit. Ut ultrices dui sit amet turpis aliquet,at finibus sem gravida.",http://example.com/
inventor-04,user-account-inventor-04,Inventor04Inventor04Inventor04Inventor04Inventor04Inventor04Inventor04Inventor04Inventor04Inventor04,"Lorem ipsum dolor sit amet,consectetur adipiscing elit. Ut ultrices dui sit amet turpis aliquet,at finibus sem gravida.",http://example.com/
inventor-05,user-account-inventor-05,Inventor05Inventor05Inventor05Inventor05Inventor05Inventor05Inventor05Inventor05Inventor05Inventor0,"Lorem ipsum dolor sit amet,consectetur adipiscing elit. Ut ultrices dui sit amet turpis aliquet,at finibus sem gravida.",http://example.com/
inventor-06,user-account-inventor-06,"¿?¡!.,:;-_&%@#|ªº={}ç[]()","Lorem ipsum dolor sit amet,consectetur adipiscing elit. Ut ultrices dui sit amet turpis aliquet,at finibus sem gravida.",http://example.com/
inventor-07,user-account-inventor-07,áéíóúü,"Lorem ipsum dolor sit amet,consectetur adipiscing elit. Ut ultrices dui sit amet turpis aliquet,at finibus sem gravida.",http://example.com/
inventor-08,user-account-inventor-08,´·ñ^*`><,"Lorem ipsum dolor sit amet,consectetur adipiscing elit. Ut ultrices dui sit amet turpis aliquet,at finibus sem gravida.",http://example.com/
inventor-09,user-account-inventor-09,9,.,http://example.com/
inventor-10,user-account-inventor-10,10,10.5,http://example.com/
inventor-11,user-account-inventor-11,A,a,http://example.com/
inventor-12,user-account-inventor-12,Inventor12Inventor12Inventor12Inventor12Inventor12Inventor12Inventor12Inventor12Inventor12Inventor12,"Lorem ipsum dolor sit amet, consectetur adipiscing elit. Proin egestas dui ac rhoncus elementum. Sed id leo congue, varius enim eu, ultrices orci. Fusce molestie non ligula id vestibulum. In ornare viverra mauris, non iaculis ipsum interdum eget. Suspen",http://example.com/
inventor-13,user-account-inventor-13,Inventor13Inventor13Inventor13Inventor13Inventor13Inventor13Inventor13Inventor13Inventor13Inventor1,"Lorem ipsum dolor sit amet, consectetur adipiscing elit. Proin egestas dui ac rhoncus elementum. Sed id leo congue, varius enim eu, ultrices orci. Fusce molestie non ligula id vestibulum. In ornare viverra mauris, non iaculis ipsum interdum eget. Suspe",http://example.com/
inventor-14,user-account-inventor-14,"¿?¡!.,:;-_&%@#|ªº={}ç[]()",...,http://example.com/
inventor-15,user-account-inventor-15,áéíóúü,"¿?¡!.,:;-_&%@#|ªº={}ç[]()",http://example.com/
inventor-16,user-account-inventor-16,´·ñ^*`><,áéíóúü,http://example.com/
inventor-17,user-account-inventor-17,9,.,http://example.es
inventor-18,user-account-inventor-18,10,10.5,http://gsgfsd
inventor-19,user-account-inventor-19,A,a,http://dsfkj.example.com/
inventor-20,user-account-inventor-20,Inventor20Inventor20Inventor20Inventor20Inventor20Inventor20Inventor20Inventor20Inventor20Inventor20,"Lorem ipsum dolor sit amet, consectetur adipiscing elit. Proin egestas dui ac rhoncus elementum. Sed id leo congue, varius enim eu, ultrices orci. Fusce molestie non ligula id vestibulum. In ornare viverra mauris, non iaculis ipsum interdum eget. Suspen",http://google.it
inventor-21,user-account-inventor-21,Inventor21Inventor21Inventor21Inventor21Inventor21Inventor21Inventor21Inventor21Inventor21Inventor2,"Lorem ipsum dolor sit amet, consectetur adipiscing elit. Proin egestas dui ac rhoncus elementum. Sed id leo congue, varius enim eu, ultrices orci. Fusce molestie non ligula id vestibulum. In ornare viverra mauris, non iaculis ipsum interdum eget. Suspe",https://example.fr/
inventor-22,user-account-inventor-22,"¿?¡!.,:;-_&%@#|ªº={}ç[]()",...,http://fdsfds.dff.fdsfd/
inventor-23,user-account-inventor-23,áéíóúü,"¿?¡!.,:;-_&%@#|ªº={}ç[]()",http://ev.us.es
inventor-24,user-account-inventor-24,´·ñ^*`><,áéíóúü,http://example.es/